{
    "Encounter": {
        "n": "\n",
        "t": "\t",
        "title": "Striking Dummy",
        "duration": "00:35",
        "DURATION": "35",
        "damage": "234638",
        "damage-m": "0.23",
        "DAMAGE-k": "235",
        "DAMAGE-m": "0",
        "DAMAGE-b": "0",
        "dps": "6703.94",
        "DPS": "6704",
        "DPS-k": "7",
        "DPS-m": "DPS-m",
        "encdps": "6703.94",
        "ENCDPS": "6704",
        "ENCDPS-k": "7",
        "ENCDPS-m": "0",
        "hits": "66",
        "crithits": "12",
        "crithit%": "0%",
        "misses": "0",
        "hitfailed": "0",
        "swings": "66",
        "tohit": "---",
        "TOHIT": "---",
        "maxhit": "Player Mch-Wildfire-18,106",	        
        "MAXHIT": "Player Mch-18,106",
        "healed": "60496",
        "enchps": "1728.46",
        "ENCHPS": "1728",
        "ENCHPS-k": "2",
        "ENCHPS-m": "0",
        "heals": "31",
        "critheals": "12",
        "critheal%": "0%",
        "cures": "0",
        "maxheal": "YOU-Adloquium-6,426",
        "MAXHEAL": "YOU-6,426",
        "maxhealward": "YOU-Adloquium-6,426",   
        "MAXHEALWARD": "YOU-6,426",
        "damagetaken": "0",
        "healstaken": "60496",
        "powerdrain": "0",
        "powerheal": "0",
        "kills": "0",
        "deaths": "1",
        "Last10DPS": "",
        "Last30DPS": "",
        "Last60DPS": "",
        "Last180DPS": "",
        "CurrentZoneName": "HAERU",
        "overHeal": "0"
    },
    "Combatant": {
        "Eos (YOU)": {
            "n": "\n",
            "t": "\t",
            "name": "Eos (YOU)",
            "duration": "00:27",
            "DURATION": "27",
            "damage": "0",
            "damage-m": "0.00",
            "damage-b": "0.00",
            "DAMAGE-k": "0",
            "DAMAGE-m": "0",
            "DAMAGE-b": "0",
            "damage%": "0%",
            "dps": "0.00",
            "DPS": "0",
            "DPS-k": "0",
            "DPS-m": "0",
            "encdps": "0.00",
            "ENCDPS": "0",
            "ENCDPS-k": "0",
            "ENCDPS-m": "0",
            "hits": "0",
            "crithits": "0",
            "crithit%": "0%",
            "crittypes": "0.0%L - 0.0%F - 0.0%M",
            "misses": "0",
            "hitfailed": "0",
            "swings": "0",
            "tohit": "---",
            "TOHIT": "---",
            "maxhit": "",
            "MAXHIT": "",
            "healed": "47644",
            "healed%": "78%",
            "enchps": "1361.26",
            "ENCHPS": "1361",
            "ENCHPS-k": "1",
            "ENCHPS-m": "0",
            "critheals": "6",
            "critheal%": "21%",
            "heals": "28",
            "cures": "0",
            "maxheal": "Embrace-5,038",
            "MAXHEAL": "5,038",
            "maxhealward": "Embrace-5,038",
            "MAXHEALWARD": "5,038",
            "damagetaken": "0",
            "healstaken": "9723",
            "powerdrain": "0",
            "powerheal": "0",
            "kills": "0",
            "deaths": "0",
            "threatstr": "+(0)0/-(0)0",
            "threatdelta": "0",
            "Last10DPS": "",
            "Last30DPS": "",
            "Last60DPS": "",
            "Last180DPS": "",
            "overHeal": "33514",
            "damageShield": "0",
            "absorbHeal": "0",
            "Job": "",
            "ParryPct": "0%",
            "BlockPct": "0%",
            "IncToHit": "---",
            "OverHealPct": "70%",
            "DirectHitPct": "0%",
            "DirectHitCount": "0",
            "CritDirectHitCount": "0",
            "CritDirectHitPct": "0%"
        },
        "Rook Autoturret (Player Mch)": {
            "n": "\n",
            "t": "\t",
            "name": "Rook Autoturret (Player Mch)",
            "duration": "00:19",
            "DURATION": "19",
            "damage": "29046",
            "damage-m": "0.03",
            "damage-b": "0.00",
            "DAMAGE-k": "29",
            "DAMAGE-m": "0",
            "DAMAGE-b": "0",
            "damage%": "12%",
            "dps": "1528.74",
            "DPS": "1529",
            "DPS-k": "2",
            "DPS-m": "0",
            "encdps": "829.89",
            "ENCDPS": "830",
            "ENCDPS-k": "1",
            "ENCDPS-m": "0",
            "hits": "7",
            "crithits": "2",
            "crithit%": "29%",
            "crittypes": "0.0%L - 0.0%F - 0.0%M",
            "misses": "0",
            "hitfailed": "0",
            "swings": "7",
            "tohit": "100.00",
            "TOHIT": "100",
            "maxhit": "Rook Overload-14,809",
            "MAXHIT": "14,809",
            "healed": "0",
            "healed%": "0%",
            "enchps": "0.00",
            "ENCHPS": "0",
            "ENCHPS-k": "0",
            "ENCHPS-m": "0",
            "critheals": "0",
            "critheal%": "0%",
            "heals": "0",
            "cures": "0",
            "maxheal": "",
            "MAXHEAL": "",
            "maxhealward": "",
            "MAXHEALWARD": "",
            "damagetaken": "0",
            "healstaken": "6393",
            "powerdrain": "0",
            "powerheal": "0",
            "kills": "0",
            "deaths": "1",
            "threatstr": "+(0)0/-(0)0",
            "threatdelta": "0",
            "Last10DPS": "0.00",
            "Last30DPS": "1310.79",
            "Last60DPS": "1528.74",
            "Last180DPS": "1528.74",
            "overHeal": "0",
            "damageShield": "0",
            "absorbHeal": "0",
            "Job": "",
            "ParryPct": "0%",
            "BlockPct": "0%",
            "IncToHit": "---",
            "OverHealPct": "0%",
            "DirectHitPct": "0%",
            "DirectHitCount": "0",
            "CritDirectHitCount": "0",
            "CritDirectHitPct": "0%"
        },
        "YOU": {
            "n": "\n",
            "t": "\t",
            "name": "YOU",
            "duration": "00:34",
            "DURATION": "34",
            "damage": "77193",
            "damage-m": "0.08",
            "damage-b": "0.00",
            "DAMAGE-k": "77",
            "DAMAGE-m": "0",
            "DAMAGE-b": "0",
            "damage%": "32%",
            "dps": "2270.38",
            "DPS": "2270",
            "DPS-k": "2",
            "DPS-m": "0",
            "encdps": "2205.51",
            "ENCDPS": "2206",
            "ENCDPS-k": "2",
            "ENCDPS-m": "0",
            "hits": "33",
            "crithits": "5",
            "crithit%": "15%",
            "crittypes": "0.0%L - 0.0%F - 0.0%M",
            "misses": "0",
            "hitfailed": "0",
            "swings": "33",
            "tohit": "100.00",
            "TOHIT": "100",
            "maxhit": "Broil-8,765",
            "MAXHIT": "8,765",
            "healed": "12852",
            "healed%": "21%",
            "enchps": "367.20",
            "ENCHPS": "367",
            "ENCHPS-k": "0",
            "ENCHPS-m": "0",
            "critheals": "0",
            "critheal%": "0%",
            "heals": "3",
            "cures": "0",
            "maxheal": "Adloquium-6,426",
            "MAXHEAL": "6,426",
            "maxhealward": "Adloquium-6,426",
            "MAXHEALWARD": "6,426",
            "damagetaken": "0",
            "healstaken": "33820",
            "powerdrain": "0",
            "powerheal": "0",
            "kills": "0",
            "deaths": "0",
            "threatstr": "+(0)0/-(0)0",
            "threatdelta": "0",
            "Last10DPS": "2628.40",
            "Last30DPS": "2467.73",
            "Last60DPS": "2270.38",
            "Last180DPS": "2270.38",
            "overHeal": "0",
            "damageShield": "6426",
            "absorbHeal": "0",
            "Job": "Sch",
            "ParryPct": "0%",
            "BlockPct": "0%",
            "IncToHit": "---",
            "OverHealPct": "0%",
            "DirectHitPct": "0%",
            "DirectHitCount": "0",
            "CritDirectHitCount": "0",
            "CritDirectHitPct": "0%"
        },
        "Player Mch": {
            "n": "\n",
            "t": "\t",
            "name": "Player Mch",
            "duration": "00:23",
            "DURATION": "23",
            "damage": "128399",
            "damage-m": "0.13",
            "damage-b": "0.00",
            "DAMAGE-k": "128",
            "DAMAGE-m": "0",
            "DAMAGE-b": "0",
            "damage%": "54%",
            "dps": "5582.57",
            "DPS": "5583",
            "DPS-k": "6",
            "DPS-m": "0",
            "encdps": "3668.54",
            "ENCDPS": "3669",
            "ENCDPS-k": "4",
            "ENCDPS-m": "0",
            "hits": "26",
            "crithits": "5",
            "crithit%": "19%",
            "crittypes": "0.0%L - 0.0%F - 0.0%M",
            "misses": "0",
            "hitfailed": "0",
            "swings": "26",
            "tohit": "100.00",
            "TOHIT": "100",
            "maxhit": "Wildfire-18,106",
            "MAXHIT": "18,106",
            "healed": "0",
            "healed%": "0%",
            "enchps": "0.00",
            "ENCHPS": "0",
            "ENCHPS-k": "0",
            "ENCHPS-m": "0",
            "critheals": "0",
            "critheal%": "0%",
            "heals": "0",
            "cures": "0",
            "maxheal": "",
            "MAXHEAL": "",
            "maxhealward": "",
            "MAXHEALWARD": "",
            "damagetaken": "0",
            "healstaken": "10560",
            "powerdrain": "0",
            "powerheal": "0",
            "kills": "0",
            "deaths": "0",
            "threatstr": "+(0)0/-(0)0",
            "threatdelta": "0",
            "Last10DPS": "0.00",
            "Last30DPS": "4863.04",
            "Last60DPS": "5582.57",
            "Last180DPS": "5582.57",
            "overHeal": "0",
            "damageShield": "0",
            "absorbHeal": "0",
            "Job": "Mch",
            "ParryPct": "0%",
            "BlockPct": "0%",
            "IncToHit": "---",
            "OverHealPct": "0%",
            "DirectHitPct": "27%",
            "DirectHitCount": "7",
            "CritDirectHitCount": "1",
            "CritDirectHitPct": "4%"
        }
    },
    "isActive": false
}
